-- MCIC-BD-PROYECTO FINAL

-- Christopher Giovanny Ortiz Montero 		Código: 20201495006
-- Joaquín Eduardo Caicedo Navarro		Código: 20201495001
-- Thomas Daniel Ávila Blenkey			Código: 20151020012

-----------------------------------------------------------------
-- INGRESO DE DATOS EN LAS TABLAS DE LA FACULTAD DE INGENIERÍA --
-----------------------------------------------------------------
set search_path to public;
INSERT INTO profesores VALUES (1009,'nom_prof_ing9','dir_prof_ing9',7352964,'profesion8'),
	(1010,'nom_prof_ing10','dir_prof_ing10',7579519,'profesion6'),
	(1011,'nom_prof_ing11','dir_prof_ing11',7201702,'profesion7'),
	(1012,'nom_prof_ing12','dir_prof_ing12',7199660,'profesion8'),
	(1013,'nom_prof_ing13','dir_prof_ing13',7319658,'profesion3'),
	(1014,'nom_prof_ing14','dir_prof_ing14',7205126,'profesion5'),
	(1015,'nom_prof_ing15','dir_prof_ing15',7319926,'profesion1'),
	(1016,'nom_prof_ing16','dir_prof_ing16',7066493,'profesion8');
	
INSERT INTO carreras VALUES (10001,'Ingenieria de Sistemas',1000001),
	(10002,'Ingenieria Electrica',1000002),
	(10003,'Ingenieria Electronica',1000003),
	(10004,'Ingenieria Catastral y Geodesia',1000004),
	(10005,'Ingenieria Sistemas',1000005),
	(10006,'Maestria Ciencias de la Informacion y las Comunicaciones',1000006);
	
INSERT INTO asignaturas VALUES (109,'Comunicaciones digitales',8,4),
	(110,'Electronica II',4,2),
	(111,'Bioingenieria',8,4),
	(112,'Telematica II',4,2),
	(113,'Geoestadistica',6,3),
	(114,'Geofisica',4,2),
	(115,'Sistemas catastrales',4,2),
	(116,'Avaluos masivos',4,2);
	
INSERT INTO libros VALUES (100100900,'titulo16',5,'editorial1'),
	(100101000,'titulo17',2,'editorial6'),
	(100101100,'titulo18',1,'editorial1'),
	(100101200,'titulo19',3,'editorial8'),
	(100100901,'titulo20',2,'editorial8'),
	(100101001,'titulo21',2,'editorial1'),
	(100101101,'titulo22',1,'editorial3'),
	(100101201,'titulo23',4,'editorial7'),
	(100101300,'titulo24',1,'editorial7'),
	(100101400,'titulo25',5,'editorial7'),
	(100101500,'titulo26',3,'editorial4'),
	(100101600,'titulo27',4,'editorial1'),
	(100101301,'titulo28',1,'editorial3'),
	(100101401,'titulo29',1,'editorial8'),
	(100101501,'titulo30',1,'editorial6'),
	(100101601,'titulo31',2,'editorial1');

INSERT INTO autores VALUES (1000013,'autor13','pais4'),
	(1000014,'autor14','pais6'),
	(1000015,'autor15','pais1'),
	(1000016,'autor16','pais6'),
	(1000009,'autor9','pais6'),
	(1000010,'autor10','pais2'),
	(1000011,'autor11','pais2'),
	(1000012,'autor12','pais4');

INSERT INTO imparte VALUES (1009,109,1,502,'M-18-20-J-18-20'),
	(1010,110,1,303,'L-13-15-Mi-13-15-V-13-15'),
	(1011,111,1,405,'M-10-12-J-10-12'),
	(1012,112,1,706,'L-18-20-Mi-18-20-V-18-20'),
	(1012,112,2,201,'L-13-15-Mi-13-15-V-13-15'),
	(1013,113,1,304,'L-17-19-Mi-17-19-V-17-19'),
	(1014,114,1,605,'L-13-15-Mi-13-15-V-13-15'),
	(1015,115,1,200,'M-14-16-J-14-16'),
	(1015,116,1,809,'M-16-18-J-16-18'),
	(1016,116,2,307,'M-16-18-J-16-18');

INSERT INTO referencia VALUES (109,100100900),
	(110,100101000),
	(111,100101100),
	(112,100101200),
	(109,100100901),
	(110,100101001),
	(111,100101101),
	(112,100101201),
	(113,100101300),
	(114,100101400),
	(115,100101500),
	(116,100101600),
	(113,100101301),
	(114,100101401),
	(115,100101501),
	(116,100101601);
	
INSERT INTO escribe VALUES (1000009,100100900),
	(1000010,100101000),
	(1000011,100101100),
	(1000012,100101200),
	(1000009,100100901),
	(1000010,100101001),
	(1000011,100101101),
	(1000012,100101201),
	(1000013,100101300),
	(1000014,100101400),
	(1000015,100101500),
	(1000016,100101600),
	(1000013,100101301),
	(1000014,100101401),
	(1000015,100101501),
	(1000016,100101601);
	
INSERT INTO ejemplares VALUES (1,100100900),
	(1,100101000),
	(1,100101100),
	(1,100101200),
	(1,100100901),
	(1,100101001),
	(1,100101101),
	(1,100101201),
	(2,100100900),
	(2,100101000),
	(2,100101100),
	(2,100101200),
	(2,100100901),
	(2,100101001),
	(2,100101101),
	(2,100101201),
	(1,100101300),
	(1,100101400),
	(1,100101500),
	(1,100101600),
	(1,100101301),
	(1,100101401),
	(1,100101501),
	(1,100101601),
	(2,100101300),
	(2,100101400),
	(2,100101500),
	(2,100101600),
	(2,100101301),
	(2,100101401),
	(2,100101501),
	(2,100101601);

------------------------------
--Datos Ingenieria Catastral--
------------------------------
set search_path to ing_catastral;
INSERT INTO estudiantes VALUES (100013,'nom_estudiante_ing13','dir_estudiante_ing13',7270435,'11/2/2000',10004),
	(100014,'nom_estudiante_ing14','dir_estudiante_ing14',7238154,'5/2/1998',10004),
	(100015,'nom_estudiante_ing15','dir_estudiante_ing15',7225017,'11/3/1998',10004),
	(100016,'nom_estudiante_ing16','dir_estudiante_ing16',7312144,'5/6/1999',10004);
	
INSERT INTO inscribe VALUES (100013,1013,113,1,2.7,4.7,4.3),
	(100014,1013,113,1,4.6,2.7,3.5),
	(100015,1013,113,1,3.2,3.1,4.7),
	(100016,1013,113,1,4.8,2.7,3.3),
	(100013,1014,114,1,4.2,3.2,2.5),
	(100014,1014,114,1,4.3,4.0,4.3),
	(100015,1014,114,1,4.1,3.2,3.4),
	(100016,1014,114,1,3.3,4.8,5.0),
	(100013,1015,115,1,4.3,3.6,3.6),
	(100014,1015,115,1,2.9,2.7,2.5),
	(100015,1015,115,1,4.6,3.0,3.9),
	(100016,1015,115,1,4.1,2.9,2.5),
	(100013,1015,116,1,3.6,3.8,3.1),
	(100014,1015,116,1,3.6,3.7,4.2),
	(100015,1016,116,2,2.7,3.1,2.5),
	(100016,1016,116,2,2.5,4.5,3.6);

--------------------------------
--Datos Ingenieria Electronica--
--------------------------------
set search_path to ing_electronica;
INSERT INTO estudiantes VALUES (100009,'nom_estudiante_ing9','dir_estudiante_ing9',7283856,'2/1/1997',10003),
	(100010,'nom_estudiante_ing10','dir_estudiante_ing10',7031343,'4/3/1999',10003),
	(100011,'nom_estudiante_ing11','dir_estudiante_ing11',7261449,'4/3/1998',10003),
	(100012,'nom_estudiante_ing12','dir_estudiante_ing12',7163124,'9/5/1997',10003);

INSERT INTO inscribe VALUES (100009,1009,109,1,3.1,4.3,3.1),
	(100010,1009,109,1,2.6,4.5,4.8),
	(100011,1009,109,1,4.6,4.2,4.6),
	(100012,1009,109,1,4.1,4.8,3.9),
	(100009,1010,110,1,3.7,3.6,3.2),
	(100010,1010,110,1,4.8,3.9,4.9),
	(100011,1010,110,1,3.1,4.6,2.9),
	(100012,1010,110,1,3.6,2.5,3.8),
	(100009,1011,111,1,2.8,2.5,2.5),
	(100010,1011,111,1,4.6,2.5,4.1),
	(100011,1011,111,1,3.6,4.1,3.6),
	(100012,1011,111,1,3.7,4.3,3.3),
	(100009,1012,112,1,3.2,2.6,2.7),
	(100010,1012,112,1,4.6,4.9,4.8),
	(100011,1012,112,2,2.7,3.8,4.7),
	(100012,1012,112,2,3.8,2.8,4.8);

set search_path to public;

INSERT INTO presta VALUES (100009,100100900,1,'8/3/2019','23/3/2019'),
	(100010,100101000,1,'10/5/2019','25/5/2019'),
	(100011,100101100,1,'6/1/2019','21/1/2019'),
	(100012,100101200,1,'13/1/2019','28/1/2019'),
	(100009,100100900,2,'5/4/2019','20/4/2019'),
	(100010,100101000,2,'15/6/2019','30/6/2019'),
	(100011,100101100,2,'14/1/2019','29/1/2019'),
	(100012,100101200,2,'11/3/2019','26/3/2019'),
	(100013,100101300,1,'2/3/2019','17/3/2019'),
	(100014,100101400,1,'3/5/2019','18/5/2019'),
	(100015,100101500,1,'6/3/2019','21/3/2019'),
	(100016,100101600,1,'2/6/2019','17/6/2019'),
	(100013,100101300,2,'4/3/2019','19/3/2019'),
	(100014,100101400,2,'4/3/2019','19/3/2019'),
	(100015,100101500,2,'4/3/2019','19/3/2019'),
	(100016,100101600,2,'3/6/2019','18/6/2019');
